drat,vs,gear,carb,cyl,am
3.9,0,4,4,6,1
3.9,0,4,4,6,1
3.85,1,4,1,4,1
3.08,1,3,1,6,0
3.15,0,3,2,8,0
2.76,1,3,1,6,0
3.21,0,3,4,8,0
3.69,1,4,2,4,0
3.92,1,4,2,4,0
3.92,1,4,4,6,0
3.92,1,4,4,6,0
3.07,0,3,3,8,0
3.07,0,3,3,8,0
3.07,0,3,3,8,0
2.93,0,3,4,8,0
3,0,3,4,8,0
3.23,0,3,4,8,0
4.08,1,4,1,4,1
4.93,1,4,2,4,1
4.22,1,4,1,4,1
3.7,1,3,1,4,0
2.76,0,3,2,8,0
3.15,0,3,2,8,0
3.73,0,3,4,8,0
3.08,0,3,2,8,0
4.08,1,4,1,4,1
4.43,0,5,2,4,1
3.77,1,5,2,4,1
4.22,0,5,4,8,1
3.62,0,5,6,6,1
3.54,0,5,8,8,1
4.11,1,4,2,4,1
